Ignoto_1;Ignoto_2
0;0
0;0
0;0
0;0
0;0
0;0
0;0
0;0
0;0
0;0
0;0
0;0
0;0
0;0
0;0
0;0
0;0
0;0
0;0
0;0
0;0
0;0
0;0
0;0
0;0
0;0
0;0
0;0
0;0
0;0
0;0
0;0
0;0
0;0
0;0
0;0
0;0
0;0
0;0
0;0
0;0
0;0
0;0
0;0
0;0
0;0
0;0
0;0
0;0
0;0
0;0
0;0
0;0
0;0
0;0
0;0
0;0
0;0
0;0
0;0
0;0
0;0
0;0
0;0
0;0
0;0
0;0
0;0
0;0
0;0
0;0
0;0
0;0
0;0
0;0
0;0
0;0
0;0
0;0
0;0
0;0
0;0
0;0
0;0
0;0
0;0
0;0
0;0
0;0
0;0
0;0
0;0
0;0
0;0
0;0
0;0
0;0
0;0
0;0
0;0
0;0
0;0
0;0
0;0
0;0
0;1
0;2
0;3
0;5
0;4
0;13
0;27
0;30
9;63
73;215
692;1574
1037;2847
775;2674
544;2388
430;2147
407;2101
348;1979
301;1955
288;2023
296;1972
298;1920
289;2001
297;1910
280;1887
283;1929
286;1880
285;1893
275;1925
310;1915
272;1959
283;1900
296;1949
264;1892
281;1864
264;1929
285;1905
259;1901
274;1842
284;1977
286;1945
294;1808
297;1874
285;1872
271;1890
286;1896
284;1865
284;1890
326;1921
310;1900
270;1917
260;1915
308;1871
288;1851
270;1946
259;1811
257;1865
269;1914
296;1922
265;1934
282;1886
314;1879
285;1858
289;1908
259;1942
267;1848
270;1863
278;1920
294;1853
289;1948
277;1863
303;1858
282;1872
278;1858
307;1793
294;1941
281;1912
272;1958
310;1915
307;1936
277;1919
258;1834
298;1825
299;1875
308;1916
315;1897
279;1901
304;1908
296;1926
295;1917
293;1900
318;1804
316;1888
333;1920
319;1877
280;1881
281;1877
339;1849
269;1848
301;1866
311;1967
332;1802
317;1910
309;1926
319;1938
312;1904
333;1946
294;1865
353;1859
319;1815
341;1859
301;1907
317;1810
302;1886
342;1870
303;1904
326;1748
306;1849
325;1936
317;1816
320;1865
326;1949
351;1890
323;1919
323;1893
342;1921
315;1881
320;1780
357;1926
314;1804
296;1842
373;1792
318;1878
314;1806
311;1846
343;1892
321;1848
330;1852
317;1809
324;1842
319;1844
335;1869
322;1868
322;1843
333;1831
335;1866
345;1847
341;1870
316;1843
331;1823
337;1860
302;1843
331;1868
306;1850
319;1895
346;1884
359;1722
332;1855
323;1804
327;1789
333;1803
333;1836
330;1761
327;1828
338;1771
358;1833
315;1758
346;1806
378;1797
341;1816
375;1792
335;1839
378;1836
355;1839
365;1879
348;1831
333;1808
350;1829
374;1854
299;1773
346;1716
359;1816
323;1858
332;1834
356;1737
368;1804
365;1790
371;1862
371;1854
353;1772
377;1831
351;1813
373;1789
371;1839
360;1761
358;1760
368;1779
361;1805
361;1789
360;1813
392;1740
367;1844
358;1827
364;1862
396;1743
370;1798
376;1745
371;1777
392;1752
359;1768
376;1836
372;1754
391;1757
369;1801
364;1732
423;1733
346;1760
374;1790
379;1802
374;1767
391;1845
377;1733
349;1723
344;1773
349;1798
348;1820
356;1745
372;1804
374;1797
376;1852
400;1862
352;1790
391;1868
351;1757
367;1754
378;1784
375;1772
396;1789
368;1812
375;1792
370;1826
389;1834
347;1719
363;1754
386;1804
414;1771
367;1782
412;1767
409;1769
389;1780
397;1799
386;1779
395;1755
396;1842
375;1816
394;1810
388;1721
382;1746
392;1790
365;1706
371;1760
388;1789
380;1688
404;1740
377;1774
370;1815
393;1766
406;1789
382;1736
393;1740
356;1815
399;1773
400;1763
412;1730
394;1797
364;1741
420;1803
389;1766
390;1804
393;1737
393;1740
355;1745
353;1773
402;1755
370;1760
416;1721
405;1736
380;1773
321;1720
380;1739
380;1790
389;1725
365;1697
398;1732
367;1760
407;1825
386;1757
368;1747
393;1742
368;1791
381;1676
394;1883
378;1722
391;1764
365;1802
409;1700
413;1760
374;1713
395;1793
393;1767
375;1751
392;1689
368;1705
408;1698
392;1780
364;1668
398;1712
396;1757
383;1705
401;1733
400;1766
389;1685
423;1711
397;1726
388;1661
408;1833
386;1717
376;1663
402;1787
377;1694
395;1764
411;1766
382;1761
389;1675
381;1732
374;1729
388;1750
385;1685
364;1718
371;1736
366;1741
373;1697
408;1685
384;1726
383;1660
358;1642
382;1737
381;1748
386;1759
374;1670
377;1733
386;1666
408;1743
381;1710
403;1757
418;1680
390;1672
388;1711
388;1658
382;1770
397;1719
323;1704
399;1812
403;1804
362;1670
393;1663
382;1685
343;1632
382;1774
404;1692
417;1604
381;1663
413;1711
386;1742
380;1670
357;1658
373;1693
375;1687
382;1596
341;1720
386;1684
394;1643
373;1757
354;1614
395;1628
383;1736
408;1744
355;1666
409;1701
411;1677
413;1688
412;1647
378;1672
368;1715
368;1701
395;1713
389;1752
392;1717
360;1679
379;1711
380;1638
398;1618
360;1685
380;1578
335;1673
388;1688
393;1681
379;1700
367;1645
383;1629
394;1633
374;1690
375;1623
366;1671
391;1659
412;1617
374;1711
366;1653
359;1648
370;1681
361;1706
378;1623
378;1657
382;1700
398;1617
347;1685
409;1698
391;1598
388;1636
378;1635
371;1717
361;1690
372;1710
340;1697
389;1639
363;1670
366;1659
412;1770
395;1662
399;1680
375;1671
424;1673
385;1641
357;1630
382;1600
371;1582
380;1757
364;1671
404;1716
376;1684
381;1669
371;1600
412;1710
417;1722
353;1590
394;1662
359;1668
400;1645
407;1652
335;1674
402;1650
385;1663
354;1610
384;1714
396;1659
365;1705
362;1638
379;1637
372;1623
363;1669
395;1562
373;1631
384;1735
370;1675
369;1592
408;1648
373;1680
401;1650
359;1689
379;1647
368;1693
366;1649
375;1700
347;1638
375;1560
358;1617
354;1693
413;1624
362;1714
375;1671
344;1652
355;1618
377;1617
372;1604
377;1665
357;1712
349;1699
403;1677
359;1646
364;1582
341;1633
373;1641
359;1626
395;1639
357;1649
372;1589
389;1625
356;1684
376;1670
401;1550
350;1595
375;1620
376;1693
394;1656
372;1665
382;1585
396;1628
385;1608
400;1655
386;1617
368;1663
381;1624
365;1573
367;1632
394;1684
362;1625
383;1599
368;1592
388;1626
415;1610
380;1587
373;1751
401;1600
366;1654
400;1690
410;1566
392;1679
414;1683
358;1633
378;1617
353;1616
394;1618
402;1602
406;1675
416;1610
411;1641
390;1626
409;1571
388;1627
396;1654
383;1662
400;1627
377;1610
398;1670
415;1704
386;1642
396;1644
418;1650
414;1668
430;1671
391;1565
452;1682
441;1676
382;1627
405;1569
426;1659
408;1641
388;1616
441;1605
400;1603
411;1611
411;1638
405;1612
424;1622
403;1563
465;1678
424;1665
425;1624
432;1655
399;1581
444;1653
424;1655
399;1569
433;1697
396;1626
442;1622
440;1657
404;1676
464;1633
450;1558
401;1606
410;1632
412;1638
409;1635
419;1700
426;1641
433;1697
424;1622
469;1588
449;1612
444;1627
458;1676
438;1724
422;1674
455;1688
461;1647
458;1626
465;1697
463;1653
439;1670
422;1649
469;1648
442;1693
412;1634
451;1667
474;1654
425;1681
445;1668
439;1643
441;1710
483;1632
440;1711
482;1686
410;1656
416;1748
453;1737
452;1746
464;1612
417;1662
448;1737
444;1716
446;1716
446;1686
432;1700
499;1646
477;1749
443;1657
457;1723
454;1764
446;1765
450;1761
449;1732
468;1757
446;1650
427;1753
412;1741
428;1741
470;1849
469;1769
431;1742
454;1673
441;1668
447;1721
443;1796
464;1804
468;1798
407;1768
439;1858
430;1826
493;1806
443;1847
431;1810
426;1862
420;1870
450;1752
441;1917
442;1855
438;1759
473;1875
437;1859
443;1746
449;1842
425;1826
455;1860
401;1882
410;1862
385;1894
442;1874
416;1801
453;1910
417;1848
456;1875
431;1816
429;1883
448;1890
464;1923
456;1846
427;1857
421;1848
400;1906
453;1987
424;1886
434;1838
396;1943
416;1905
385;1906
438;1928
440;1917
437;1963
441;1904
462;1854
378;1877
442;1917
432;1993
410;1923
417;1980
427;1871
392;1965
413;1847
371;1955
425;1932
407;1889
450;1947
449;1933
428;2047
410;2012
404;1967
426;1958
406;1933
383;1970
405;2001
426;1976
398;1965
412;1863
407;1958
398;1904
379;1982
390;1981
407;2010
435;1927
407;2000
396;1932
378;1927
406;2059
438;1961
392;2018
406;1933
408;2032
425;1923
385;1952
404;1906
371;1994
401;2089
385;1909
397;1992
358;1916
385;1938
398;1954
397;1999
411;1970
406;2000
403;1968
410;1999
406;2005
362;1916
398;2006
406;2028
381;1936
350;2010
416;1950
377;2001
369;1991
388;2046
390;1937
371;2001
364;1961
351;1949
348;1953
383;2012
364;1978
351;1958
374;2060
348;1936
362;1992
363;1965
334;2031
386;1952
348;1955
374;2000
384;2003
351;1919
344;1991
340;1953
371;1958
373;1929
354;2025
379;1998
377;1956
370;1894
379;1955
345;1917
331;1997
381;1951
362;1944
379;1953
334;1922
365;1997
377;1937
349;1978
385;1935
355;1982
365;1972
367;1947
347;1997
322;1997
387;1954
345;1942
302;1975
331;1884
377;1926
360;1924
290;1973
355;1930
352;1902
354;1855
351;2010
379;2017
334;1915
350;1895
362;1897
326;1898
340;1919
312;1833
360;1902
375;1876
314;1911
316;1861
357;1859
342;1918
347;1860
347;1853
332;1895
304;1842
321;1948
334;1836
345;1899
367;1895
301;1875
354;1949
373;1878
336;1785
346;1871
308;1901
346;1836
351;1913
309;1790
310;1819
315;1762
334;1866
338;1824
329;1803
331;1797
345;1836
346;1757
343;1851
323;1808
330;1798
336;1836
312;1833
322;1783
354;1801
342;1806
347;1773
328;1694
358;1766
314;1847
329;1827
279;1821
317;1763
353;1831
294;1759
311;1797
323;1763
308;1736
303;1791
307;1726
309;1801
323;1766
316;1789
302;1805
310;1757
290;1703
294;1807
289;1788
323;1765
319;1752
287;1758
293;1689
305;1709
323;1653
314;1784
343;1680
294;1749
315;1765
318;1708
281;1711
275;1790
297;1758
298;1777
315;1712
304;1716
338;1720
327;1744
319;1715
301;1708
266;1649
308;1685
290;1691
320;1726
309;1746
296;1730
305;1660
292;1720
297;1722
299;1670
322;1741
286;1712
323;1616
321;1684
310;1689
297;1641
317;1690
293;1689
281;1681
342;1729
293;1614
309;1683
342;1733
297;1715
298;1631
289;1672
312;1579
309;1660
305;1611
305;1623
299;1595
263;1621
296;1652
306;1656
292;1618
287;1692
288;1609
311;1642
274;1629
288;1582
311;1607
323;1637
308;1571
305;1603
281;1585
311;1594
312;1703
294;1594
300;1594
294;1679
290;1514
285;1609
291;1592
279;1551
254;1568
276;1565
334;1584
277;1566
277;1587
300;1685
319;1579
311;1548
284;1596
261;1597
293;1577
305;1609
293;1549
275;1572
333;1524
296;1602
316;1560
269;1585
294;1606
322;1633
291;1555
273;1555
281;1594
313;1569
286;1520
288;1599
294;1548
303;1551
251;1600
293;1521
273;1543
273;1526
291;1545
302;1559
255;1581
290;1537
269;1541
276;1500
290;1525
311;1508
285;1542
264;1563
279;1515
295;1516
256;1597
304;1521
278;1505
270;1477
297;1513
311;1496
270;1551
277;1497
275;1479
284;1500
276;1521
294;1556
300;1519
290;1564
292;1478
308;1571
305;1473
310;1475
289;1519
287;1513
289;1531
284;1479
294;1543
310;1476
270;1546
296;1470
280;1542
305;1549
256;1479
309;1530
287;1560
308;1478
293;1467
265;1510
292;1487
294;1520
314;1487
268;1483
262;1425
289;1505
269;1533
286;1470
281;1502
294;1475
299;1421
269;1603
286;1523
308;1452
281;1491
275;1453
256;1499
285;1499
251;1440
286;1511
289;1421
265;1448
315;1483
284;1488
250;1538
264;1508
274;1434
251;1434
271;1420
273;1447
266;1418
281;1457
274;1467
250;1522
296;1536
280;1409
290;1438
303;1491
274;1443
246;1476
251;1496
271;1508
274;1409
285;1474
284;1389
263;1474
279;1529
293;1518
288;1515
285;1452
280;1462
266;1428
248;1553
238;1466
295;1434
310;1410
286;1432
312;1418
246;1477
262;1384
315;1460
279;1487
250;1496
287;1379
277;1343
287;1389
271;1416
276;1439
298;1385
285;1348
272;1378
269;1422
309;1351
248;1450
287;1389
282;1439
263;1433
269;1416
316;1490
262;1437
278;1445
252;1397
257;1491
266;1436
250;1457
268;1410
273;1390
268;1406
273;1368
263;1384
238;1398
266;1419
297;1444
231;1453
267;1487
248;1439
285;1370
272;1461
237;1359
257;1390
295;1457
269;1422
217;1439
266;1370
225;1415
247;1417
254;1482
282;1388
262;1359
241;1403
239;1316
226;1387
254;1354
267;1372
228;1399
277;1386
285;1372
257;1426
264;1346
264;1396
252;1378
273;1367
268;1439
247;1391
276;1376
255;1423
222;1382
246;1366
279;1411
245;1343
261;1361
245;1339
237;1396
245;1329
221;1372
273;1471
226;1329
235;1412
234;1403
235;1364
217;1454
240;1311
215;1419
246;1450
212;1344
238;1351
210;1406
223;1300
240;1383
228;1344
213;1316
200;1389
198;1358
230;1412
232;1353
218;1351
220;1443
220;1365
223;1357
222;1301
223;1340
222;1396
211;1386
207;1403
211;1301
234;1382
191;1352
222;1360
197;1380
210;1431
188;1269
218;1442
220;1320
209;1374
208;1352
196;1381
195;1279
188;1331
188;1374
213;1378
203;1378
176;1378
211;1300
192;1347
169;1361
184;1353
184;1307
167;1383
167;1348
182;1305
212;1333
165;1319
191;1343
194;1365
195;1328
172;1370
163;1284
165;1320
190;1332
194;1334
178;1328
159;1331
190;1350
207;1390
176;1273
185;1362
165;1344
174;1290
171;1366
155;1351
154;1371
166;1433
166;1310
143;1335
172;1379
167;1366
149;1374
157;1349
167;1347
141;1352
156;1294
139;1280
149;1297
141;1259
181;1271
175;1307
154;1273
153;1342
136;1328
150;1319
133;1298
147;1380
149;1311
150;1316
147;1302
134;1334
150;1336
155;1353
148;1293
153;1297
141;1400
155;1322
151;1300
136;1268
138;1302
155;1278
144;1329
132;1318
137;1332
137;1302
136;1355
123;1278
143;1314
132;1307
137;1300
135;1304
121;1385
141;1306
115;1362
109;1259
144;1278
130;1376
117;1272
124;1239
111;1266
105;1364
120;1307
122;1329
123;1306
134;1345
116;1329
117;1253
133;1373
117;1287
116;1323
111;1325
106;1300
129;1274
104;1258
134;1272
115;1325
126;1297
113;1345
101;1334
116;1258
102;1256
107;1336
92;1274
118;1358
111;1280
99;1258
112;1270
106;1282
96;1353
113;1247
91;1289
98;1252
91;1249
108;1193
122;1244
111;1225
97;1285
96;1312
107;1275
110;1325
97;1269
103;1268
109;1262
120;1255
113;1293
105;1297
101;1335
86;1261
98;1244
90;1279
107;1363
87;1288
109;1247
97;1339
117;1246
81;1241
90;1293
86;1238
97;1300
92;1271
105;1317
87;1220
90;1177
86;1204
75;1248
87;1222
108;1263
76;1312
88;1280
92;1281
108;1310
86;1247
87;1282
61;1295
86;1291
88;1269
83;1175
94;1249
104;1199
93;1279
75;1265
106;1267
88;1344
95;1273
70;1277
82;1220
68;1311
86;1262
88;1350
91;1312
75;1246
74;1221
75;1214
82;1210
87;1224
73;1271
85;1249
72;1310
77;1307
94;1234
85;1274
72;1292
86;1280
82;1313
78;1270
91;1255
75;1266
87;1300
81;1284
90;1288
79;1304
66;1250
75;1330
85;1272
103;1264
92;1290
73;1343
75;1253
76;1244
70;1250
88;1280
78;1256
91;1241
74;1180
70;1276
82;1251
90;1240
74;1227
77;1271
82;1260
70;1244
66;1244
73;1231
73;1221
73;1221
84;1217
76;1253
67;1269
65;1310
69;1290
67;1296
74;1276
77;1254
63;1231
75;1264
74;1289
81;1204
72;1253
57;1263
75;1217
65;1294
83;1237
67;1281
85;1202
57;1314
74;1257
65;1263
80;1190
64;1324
68;1248
62;1156
86;1283
66;1294
74;1289
75;1215
65;1213
73;1206
64;1220
68;1204
66;1240
79;1258
61;1255
80;1233
76;1184
67;1277
69;1245
77;1267
62;1216
57;1220
66;1269
68;1319
65;1286
80;1195
67;1263
47;1263
77;1245
67;1210
54;1305
76;1312
77;1251
55;1236
63;1247
63;1196
63;1266
63;1276
60;1255
59;1244
75;1250
75;1203
66;1238
62;1236
70;1246
74;1256
63;1258
71;1252
72;1266
75;1172
58;1211
54;1255
65;1287
80;1246
77;1272
52;1239
66;1280
70;1191
71;1214
75;1252
78;1203
64;1257
67;1233
57;1216
60;1211
67;1299
61;1278
54;1276
71;1208
54;1167
61;1226
67;1198
55;1287
66;1259
65;1225
67;1213
65;1245
72;1223
44;1171
45;1245
72;1204
51;1281
56;1193
62;1233
47;1254
59;1233
83;1206
76;1233
68;1204
71;1244
66;1234
61;1226
60;1222
59;1216
61;1294
64;1170
59;1267
46;1206
60;1203
60;1207
61;1253
41;1227
68;1185
68;1232
62;1235
74;1222
72;1242
52;1277
75;1250
58;1232
53;1227
64;1256
63;1235
64;1192
59;1286
59;1175
69;1184
54;1261
50;1229
68;1153
61;1249
57;1246
50;1222
57;1199
73;1241
46;1229
58;1258
74;1153
55;1226
50;1214
64;1216
60;1282
79;1212
57;1238
61;1237
59;1181
61;1244
72;1174
56;1253
60;1194
59;1216
48;1217
69;1172
63;1183
69;1163
75;1249
72;1220
67;1187
61;1155
56;1216
70;1160
47;1233
72;1213
62;1231
68;1298
68;1206
55;1203
63;1240
66;1220
63;1252
64;1229
58;1196
56;1268
72;1247
56;1159
47;1286
52;1197
59;1248
63;1232
70;1143
53;1177
66;1295
78;1224
63;1285
64;1295
60;1257
55;1242
60;1216
54;1229
63;1193
47;1240
63;1246
69;1195
55;1224
57;1217
64;1161
68;1204
54;1202
65;1187
63;1207
68;1234
62;1231
89;1203
47;1183
72;1155
69;1261
53;1276
63;1201
63;1178
67;1223
58;1181
65;1208
56;1171
60;1161
60;1205
58;1229
70;1236
58;1215
53;1221
53;1214
58;1239
75;1235
57;1202
60;1215
59;1205
71;1201
80;1210
59;1206
58;1263
56;1215
63;1206
65;1247
62;1202
60;1239
77;1223
70;1162
83;1226
78;1203
69;1184
58;1220
64;1224
76;1178
81;1266
71;1215
79;1179
71;1155
74;1245
70;1211
79;1219
75;1273
73;1220
68;1212
71;1222
86;1192
74;1207
98;1235
79;1179
80;1184
95;1263
86;1245
86;1212
91;1274
90;1235
85;1210
103;1182
94;1184
96;1194
82;1224
88;1264
94;1265
100;1170
113;1148
107;1205
96;1218
118;1209
110;1182
111;1271
125;1173
115;1175
113;1248
115;1233
121;1236
116;1238
124;1194
140;1193
135;1239
142;1228
151;1142
126;1136
131;1239
142;1262
145;1224
154;1213
152;1258
167;1233
136;1226
151;1206
157;1224
166;1283
164;1258
180;1217
185;1248
197;1248
201;1193
168;1236
216;1237
207;1179
217;1196
178;1190
204;1237
232;1224
235;1260
272;1239
223;1240
250;1212
263;1219
244;1180
271;1242
263;1268
259;1226
283;1219
296;1248
311;1244
289;1219
287;1230
316;1203
297;1248
280;1231
333;1274
335;1303
332;1286
328;1212
360;1180
372;1161
354;1183
392;1225
350;1238
403;1269
393;1169
419;1313
402;1174
458;1196
418;1210
453;1244
404;1265
442;1241
474;1210
467;1202
488;1249
464;1162
533;1225
494;1237
506;1264
511;1268
546;1283
545;1273
577;1302
585;1216
513;1278
619;1225
576;1230
559;1217
605;1285
623;1315
678;1271
627;1283
673;1255
669;1306
744;1234
671;1214
691;1240
804;1288
756;1247
754;1263
780;1314
738;1296
786;1216
723;1319
845;1242
821;1229
803;1302
812;1316
876;1294
887;1213
892;1278
878;1239
957;1308
899;1241
932;1282
882;1230
920;1272
1003;1300
954;1266
1018;1250
958;1294
1034;1222
971;1309
1035;1236
1087;1292
1078;1265
1075;1250
1099;1243
1154;1227
1080;1261
1104;1237
1068;1246
1124;1256
1098;1297
1151;1311
1128;1290
1128;1266
1147;1298
1220;1290
1180;1293
1268;1280
1197;1302
1194;1254
1196;1267
1254;1305
1281;1286
1291;1279
1278;1323
1345;1248
1291;1297
1291;1317
1356;1270
1326;1325
1292;1361
1356;1268
1334;1366
1334;1275
1461;1366
1370;1356
1403;1309
1366;1324
1388;1311
1382;1319
1397;1324
1401;1224
1397;1282
1456;1339
1461;1312
1462;1255
1476;1365
1480;1308
1511;1405
1431;1317
1509;1339
1525;1329
1479;1316
1532;1283
1490;1359
1524;1332
1518;1298
1483;1309
1454;1361
1487;1305
1542;1266
1511;1321
1539;1282
1499;1289
1484;1302
1542;1339
1532;1339
1591;1318
1479;1319
1574;1370
1592;1311
1577;1266
1537;1402
1537;1331
1588;1350
1533;1301
1518;1400
1538;1336
1552;1336
1532;1373
1523;1324
1544;1317
1561;1284
1544;1338
1524;1392
1530;1339
1593;1342
1489;1382
1505;1377
1552;1339
1571;1329
1463;1323
1496;1348
1512;1292
1493;1352
1477;1331
1531;1323
1462;1313
1534;1348
1434;1338
1442;1315
1428;1240
1402;1341
1556;1364
1456;1421
1458;1325
1337;1317
1421;1334
1521;1324
1368;1395
1402;1333
1355;1325
1406;1360
1404;1366
1336;1336
1380;1330
1411;1310
1354;1354
1406;1366
1357;1285
1293;1354
1329;1343
1346;1314
1232;1304
1308;1370
1315;1296
1268;1350
1270;1366
1233;1288
1235;1236
1259;1441
1224;1266
1170;1296
1189;1379
1313;1337
1193;1290
1170;1275
1131;1296
1125;1335
1164;1296
1129;1272
1135;1355
1105;1372
1063;1358
1057;1339
1064;1367
1099;1277
1064;1282
999;1251
1043;1326
1080;1357
1080;1335
999;1335
999;1336
1007;1306
949;1280
972;1275
922;1310
926;1357
925;1244
926;1360
944;1280
909;1291
892;1287
902;1303
844;1314
801;1284
891;1332
867;1316
824;1365
793;1371
752;1327
840;1366
775;1252
744;1322
793;1328
693;1291
702;1303
740;1311
728;1266
679;1268
687;1315
691;1360
676;1315
642;1313
612;1314
640;1285
596;1372
620;1385
594;1314
608;1215
565;1325
539;1298
546;1252
531;1309
523;1322
503;1349
512;1236
491;1215
547;1344
526;1299
493;1283
423;1337
475;1311
448;1318
431;1305
429;1224
426;1312
420;1270
423;1309
408;1314
423;1262
362;1267
376;1220
371;1318
403;1324
383;1271
337;1343
342;1308
355;1271
315;1267
296;1345
319;1294
299;1268
306;1256
296;1299
295;1308
281;1299
294;1235
256;1288
252;1317
248;1256
248;1282
244;1339
208;1260
234;1238
218;1298
202;1239
203;1334
199;1281
204;1262
176;1333
195;1234
192;1305
177;1223
186;1291
175;1336
178;1363
174;1275
174;1286
139;1318
168;1236
119;1263
150;1297
131;1301
113;1341
141;1310
136;1320
126;1278
110;1234
128;1251
117;1283
98;1256
106;1301
100;1265
93;1321
96;1336
90;1277
92;1292
103;1299
89;1312
84;1325
74;1314
82;1304
57;1289
66;1315
78;1280
81;1254
70;1286
56;1252
61;1278
57;1284
61;1335
61;1329
60;1314
64;1346
69;1279
55;1330
43;1272
59;1338
57;1349
43;1295
46;1323
53;1315
44;1327
35;1327
47;1279
37;1275
35;1269
36;1279
31;1309
41;1355
40;1293
43;1305
30;1266
37;1266
46;1299
31;1318
23;1294
24;1290
25;1317
37;1313
28;1273
47;1299
24;1326
33;1265
24;1283
30;1318
28;1281
20;1362
29;1327
15;1243
25;1228
20;1329
18;1358
21;1312
26;1266
13;1278
28;1342
25;1461
17;1296
17;1295
23;1288
31;1322
21;1237
15;1296
13;1265
17;1383
23;1291
18;1297
19;1381
22;1283
17;1272
24;1311
14;1264
20;1292
16;1357
16;1302
15;1292
21;1352
19;1307
12;1362
17;1287
22;1316
24;1333
16;1377
18;1366
16;1284
13;1391
12;1303
20;1243
20;1329
21;1298
22;1296
12;1324
20;1299
11;1374
18;1317
20;1293
22;1362
20;1330
13;1253
20;1322
14;1379
18;1364
17;1393
21;1288
17;1345
21;1269
21;1324
17;1290
20;1358
11;1409
18;1311
22;1317
17;1298
20;1312
23;1288
23;1421
13;1348
17;1299
11;1323
14;1286
20;1247
15;1392
23;1307
22;1234
12;1298
19;1366
15;1271
18;1314
26;1339
17;1261
10;1347
15;1320
14;1338
19;1273
13;1274
11;1330
14;1254
12;1322
15;1359
14;1288
15;1303
12;1323
10;1331
19;1338
19;1230
9;1314
16;1317
13;1322
13;1357
26;1317
19;1294
13;1303
16;1237
14;1315
15;1291
17;1273
17;1247
13;1312
14;1300
14;1229
15;1300
14;1300
17;1237
20;1191
13;1305
17;1236
13;1327
20;1256
13;1261
21;1237
15;1269
13;1239
11;1309
14;1308
19;1281
15;1262
13;1309
10;1248
17;1241
17;1309
18;1219
16;1238
20;1235
15;1285
18;1284
16;1259
13;1276
20;1205
17;1263
15;1210
9;1241
11;1257
14;1249
17;1190
22;1263
16;1188
14;1234
8;1207
18;1196
25;1228
16;1245
19;1208
15;1181
14;1143
12;1176
6;1183
18;1224
14;1147
13;1220
22;1141
14;1224
5;1209
21;1216
16;1125
10;1141
17;1191
11;1225
17;1167
17;1135
9;1138
9;1159
7;1131
17;1235
17;1164
11;1074
18;1125
14;1145
14;1149
13;1119
8;1131
15;1124
14;1169
12;1095
16;1146
9;1132
12;1168
10;1095
15;1083
10;1137
23;1125
8;1110
10;1076
19;1109
11;1102
9;1110
13;1127
13;1120
8;1122
11;1025
12;1009
12;1053
7;1114
15;1039
12;1036
12;1077
16;1063
11;1116
18;1038
8;1078
15;1009
13;1071
7;1039
9;1055
15;1032
13;1012
8;1032
10;1020
15;971
14;1020
12;1008
7;961
9;1026
9;981
13;1035
11;976
13;1001
11;996
16;986
18;1003
8;965
9;1049
12;1014
10;1014
13;970
12;955
12;939
16;911
12;974
11;940
10;955
9;975
11;937
18;956
12;968
13;936
11;964
20;941
16;932
5;896
17;928
9;918
12;922
15;937
16;922
17;900
11;817
14;946
19;872
6;869
10;889
14;868
12;890
7;856
10;875
11;864
12;882
8;864
11;879
13;882
15;876
13;856
9;824
11;872
16;858
12;871
16;789
10;885
10;812
14;866
16;772
11;865
11;806
8;817
7;801
11;767
20;804
11;799
14;770
15;777
15;796
10;763
8;819
14;813
5;787
12;783
7;816
12;733
12;747
12;772
10;783
17;790
9;784
9;771
17;788
13;699
10;760
15;736
17;755
10;733
8;745
12;723
8;728
12;782
15;760
15;740
11;706
14;742
11;709
20;726
19;706
15;754
15;695
9;690
8;745
11;735
9;721
7;762
10;698
8;691
17;698
10;682
18;712
7;679
11;761
22;708
11;715
17;699
12;682
10;721
11;646
20;670
9;654
17;728
6;671
7;724
11;693
20;687
11;640
13;649
13;675
10;723
17;680
13;732
14;670
8;647
8;644
8;648
10;672
19;688
18;659
16;651
19;653
19;661
16;658
11;650
24;650
15;606
16;655
7;624
18;660
11;687
14;649
21;613
11;655
22;618
15;639
15;619
12;626
9;613
14;637
8;689
13;635
9;607
12;687
11;630
13;619
15;653
16;562
11;590
9;656
12;638
14;583
8;614
15;641
18;608
13;592
9;611
14;624
19;583
13;630
12;603
13;587
13;577
20;601
16;576
16;543
18;626
11;603
15;618
11;564
9;610
7;585
15;604
24;591
18;602
21;592
13;623
10;602
12;596
23;606
16;630
17;648
19;553
14;575
14;588
17;589
13;614
16;561
15;562
11;613
17;639
13;598
20;562
15;585
13;579
10;573
12;566
20;591
7;557
19;556
17;576
12;582
22;570
20;584
16;604
17;593
9;533
21;617
15;581
19;558
15;562
11;531
15;558
14;550
21;580
17;548
12;542
10;567
9;554
16;583
10;562
18;564
15;541
16;530
13;566
12;534
14;574
8;552
15;519
14;598
17;531
12;552
21;561
14;576
9;578
7;559
13;580
7;565
14;525
8;574
11;565
14;549
12;574
11;540
12;546
12;515
13;593
12;515
15;530
10;525
23;529
14;542
13;545
14;552
11;558
13;557
14;535
13;577
13;520
19;546
13;519
6;521
10;508
13;475
12;536
13;531
10;548
15;551
15;553
9;524
11;525
17;496
19;510
11;526
13;542
17;541
9;530
16;570
11;555
12;551
10;554
10;490
16;521
14;547
10;511
14;490
16;558
16;509
6;522
10;536
10;518
13;540
16;538
9;521
15;512
13;556
11;549
9;540
15;512
11;484
10;500
13;539
16;552
12;513
11;526
10;540
13;499
7;562
9;541
14;482
8;531
7;524
11;522
5;521
10;507
12;534
16;508
10;533
17;475
11;553
11;512
11;529
10;522
10;494
7;559
8;501
11;516
4;512
10;538
17;472
10;506
13;557
11;503
5;511
10;497
11;549
8;503
4;499
5;486
21;505
8;514
8;540
8;558
11;465
14;519
7;563
12;525
11;546
13;505
6;515
8;508
11;520
7;508
13;516
9;497
11;531
9;479
7;505
18;494
10;486
14;478
13;516
11;485
9;459
7;511
17;519
6;503
15;485
7;512
10;511
8;507
7;450
8;498
10;553
9;491
10;506
10;524
9;490
7;525
11;478
10;518
6;477
3;511
8;534
17;507
10;537
6;527
10;508
8;521
8;477
9;531
7;497
7;529
13;533
10;518
7;538
9;515
13;480
7;527
4;520
8;525
5;563
6;520
9;504
9;510
5;512
3;561
9;530
5;525
8;541
7;519
11;541
9;483
8;515
9;506
11;547
4;520
9;509
7;508
9;487
17;570
6;560
6;521
12;492
9;526
6;474
12;525
7;533
10;494
8;543
13;526
11;535
4;493
9;526
8;491
14;483
8;576
12;542
6;516
7;562
11;522
7;536
10;530
7;513
11;499
9;506
3;506
6;518
5;543
6;556
6;526
15;585
10;540
7;559
6;561
6;527
9;540
7;580
8;552
7;502
5;562
6;535
9;534
3;514
11;532
7;560
5;528
11;521
6;560
6;541
8;538
2;497
7;534
4;556
9;542
8;510
8;514
7;479
6;527
3;533
7;528
10;570
11;550
9;571
3;568
8;536
4;595
6;555
9;571
5;542
8;617
11;598
8;523
11;570
9;555
8;548
6;563
7;551
5;525
6;603
7;576
2;558
10;567
7;580
6;590
5;579
6;575
5;605
7;611
11;590
4;558
7;598
7;599
8;573
11;571
6;557
6;603
7;622
8;623
7;624
2;606
6;611
10;616
4;589
8;638
8;625
1;612
4;636
7;601
6;649
10;618
4;642
8;591
10;666
11;650
6;646
7;666
10;644
6;691
6;611
9;625
8;710
7;684
4;658
6;697
6;679
4;715
5;689
4;693
3;649
6;709
9;676
12;771
3;704
9;773
8;676
7;708
8;763
12;734
7;749
9;742
7;779
2;757
7;789
9;791
11;845
4;753
9;778
8;775
9;770
3;794
10;804
9;769
8;810
6;846
11;844
5;836
6;896
8;827
8;873
8;878
11;874
5;933
5;863
5;895
10;887
3;888
6;931
8;905
2;894
5;1020
11;932
7;940
6;1006
6;974
6;1026
5;1009
3;952
7;1028
5;1041
4;1070
4;1069
11;1031
11;1109
9;1033
5;1104
8;1050
5;1133
4;1171
8;1152
5;1123
4;1199
5;1218
5;1217
6;1207
5;1205
13;1257
4;1279
8;1203
7;1278
7;1311
4;1281
5;1313
8;1310
6;1317
6;1296
7;1449
9;1466
9;1451
8;1434
8;1509
8;1467
9;1552
5;1471
6;1465
5;1566
7;1581
8;1568
9;1593
9;1673
5;1688
7;1715
2;1698
3;1673
14;1654
9;1814
10;1818
11;1777
5;1783
4;1859
8;1860
9;1859
1;1852
5;1975
4;2023
6;1965
4;2035
2;1953
11;1971
12;2013
4;2115
4;2094
7;2088
7;2072
10;2118
6;2078
7;2169
5;2289
8;2239
9;2261
6;2331
8;2349
4;2363
5;2389
8;2452
7;2441
6;2452
8;2458
6;2495
6;2477
6;2496
10;2582
7;2636
5;2563
2;2665
6;2730
12;2669
10;2841
6;2678
14;2819
8;2893
9;2852
3;2833
4;2932
5;3001
6;2956
4;2944
9;2989
3;3097
6;3073
11;3105
8;2976
7;3139
10;3197
13;3145
8;3131
10;3210
7;3366
6;3299
6;3257
9;3369
5;3330
6;3353
8;3307
10;3459
7;3561
5;3532
4;3529
8;3654
4;3578
7;3573
7;3564
7;3669
4;3579
7;3778
6;3680
5;3754
7;3797
4;3852
8;3728
9;3866
7;3902
6;3989
7;3963
7;3966
6;4037
3;4073
7;4045
10;4167
11;4103
6;4179
5;4091
6;4187
5;4172
7;4211
4;4228
4;4118
5;4266
5;4241
6;4284
7;4334
9;4466
5;4243
4;4395
6;4372
5;4350
4;4399
8;4524
6;4466
8;4414
14;4531
8;4544
6;4537
6;4491
4;4467
3;4603
6;4488
3;4636
4;4617
4;4546
7;4598
5;4540
8;4662
5;4692
9;4535
4;4771
7;4584
4;4738
7;4760
9;4716
8;4630
7;4598
9;4770
6;4642
7;4704
8;4694
8;4818
9;4679
5;4720
2;4689
5;4774
9;4671
4;4759
10;4765
6;4671
15;4801
6;4769
13;4777
8;4766
9;4710
6;4693
6;4714
6;4617
7;4805
5;4687
4;4737
9;4737
4;4792
6;4713
6;4811
3;4887
8;4662
3;4659
3;4666
7;4642
5;4627
9;4610
11;4640
12;4708
6;4649
7;4653
3;4638
5;4609
7;4501
6;4588
5;4639
5;4377
5;4512
3;4490
4;4367
4;4482
10;4424
7;4413
13;4491
6;4321
3;4325
10;4430
7;4321
8;4381
4;4256
5;4408
4;4332
8;4372
7;4238
6;4186
7;4205
4;4171
6;4258
5;4104
9;4154
7;4065
11;4153
4;4127
3;4004
9;4036
5;3866
5;3947
12;3894
4;4045
8;3832
6;3928
7;3891
6;3798
4;3755
5;3893
6;3715
4;3735
7;3663
9;3631
5;3589
3;3603
4;3631
5;3563
8;3563
5;3531
4;3505
9;3534
5;3342
7;3451
9;3394
8;3419
8;3269
2;3285
5;3235
6;3108
7;3280
7;3172
8;3170
8;3181
7;3166
9;3089
4;2934
4;2974
6;3061
5;3017
5;3069
10;2951
10;2918
8;2786
9;2819
8;2886
7;2784
2;2839
4;2735
0;2736
5;2687
6;2606
13;2684
8;2618
5;2593
10;2504
4;2577
4;2505
9;2532
4;2487
5;2363
5;2409
4;2429
4;2328
9;2233
5;2293
5;2200
4;2248
6;2181
8;2191
7;2303
5;2030
1;2133
8;2079
1;1994
7;2039
4;1982
6;2040
5;1965
6;1953
5;1949
9;1911
6;1841
10;1945
3;1794
5;1887
6;1774
7;1784
7;1810
7;1714
3;1734
4;1660
6;1663
4;1628
4;1616
6;1627
5;1564
3;1581
5;1559
7;1513
1;1538
6;1494
6;1456
6;1391
6;1367
8;1381
4;1349
10;1371
6;1329
3;1401
8;1337
3;1312
8;1263
9;1240
9;1231
5;1220
3;1264
2;1189
6;1149
7;1137
4;1153
6;1132
7;1165
7;1110
7;1034
7;1055
5;1031
7;1023
7;1029
5;1032
4;1009
2;975
3;999
9;922
9;872
5;913
5;904
4;912
2;913
6;901
5;897
7;879
5;872
5;849
7;852
4;767
7;818
9;771
3;796
8;811
5;772
6;801
5;768
5;756
5;743
4;704
6;724
4;723
4;722
6;713
6;694
7;685
5;668
7;639
4;654
2;634
8;618
6;626
4;677
7;600
5;607
5;596
4;612
4;610
6;591
6;530
5;563
2;564
8;587
7;591
4;551
5;556
2;584
9;576
4;551
5;548
4;518
7;554
3;494
3;502
7;540
4;522
3;521
4;496
5;486
6;465
4;473
2;476
8;493
3;491
5;498
5;456
5;467
6;475
6;503
6;467
12;434
0;442
4;468
2;478
9;424
5;454
7;420
3;442
5;446
11;444
10;435
3;424
4;401
5;444
7;433
5;399
3;403
4;380
11;407
6;406
8;398
8;433
6;406
4;412
7;401
5;423
6;350
4;382
7;402
4;415
10;405
7;371
10;370
7;404
3;401
4;362
4;367
9;332
4;412
4;411
3;366
7;364
4;409
4;412
2;366
9;408
5;407
3;354
5;371
4;362
5;385
8;362
7;369
5;348
8;384
10;379
8;401
5;360
8;352
3;375
5;372
2;391
10;361
4;338
7;395
2;357
11;335
6;390
3;385
1;340
6;352
4;362
6;367
6;344
3;360
3;347
7;354
7;380
7;354
9;369
8;344
3;366
3;368
3;341
3;351
7;356
10;333
3;378
4;365
8;302
6;352
5;401
6;351
6;361
8;349
6;354
4;325
4;323
6;333
12;355
8;347
6;388
2;328
6;345
7;347
6;354
3;363
5;351
6;343
5;334
7;358
3;330
8;342
8;375
3;357
5;301
8;373
2;317
6;339
4;347
5;380
4;357
7;341
10;365
8;334
7;345
9;345
7;347
4;342
4;323
7;335
8;351
5;340
4;364
9;354
5;353
6;327
3;352
6;320
8;359
5;322
10;327
4;334
3;357
11;361
8;351
7;330
5;331
5;327
4;333
9;340
6;315
4;347
3;359
11;353
4;315
5;329
6;363
7;341
5;362
3;340
4;334
5;354
6;375
13;324
5;329
3;319
5;323
4;339
7;340
3;384
5;370
5;354
6;339
9;328
4;368
8;354
5;372
9;339
3;354
7;344
3;330
6;323
5;331
2;361
8;332
7;322
4;333
4;307
5;328
4;330
5;352
6;319
4;310
9;345
9;315
10;358
2;345
3;308
8;317
6;332
7;358
8;298
5;360
3;330
5;323
6;320
7;334
3;343
4;330
5;314
4;318
8;322
5;316
8;328
4;347
9;300
3;342
5;341
7;330
5;338
7;346
6;359
5;342
8;330
6;353
3;351
4;357
6;312
9;328
5;325
0;292
6;330
2;329
10;330
4;318
5;322
4;330
5;327
8;326
4;327
5;360
8;349
3;343
5;331
4;311
8;344
4;323
5;339
4;301
6;328
4;310
4;334
9;302
3;317
12;367
4;360
6;346
4;332
4;325
2;312
1;340
10;327
9;334
6;297
5;340
7;336
8;339
2;326
2;327
3;330
8;311
11;328
2;334
4;320
3;287
8;333
9;329
0;325
4;333
4;333
7;354
6;343
6;346
4;304
3;316
7;292
1;358
3;283
2;352
4;316
5;317
5;310
3;311
5;331
7;363
4;348
6;334
4;336
8;336
4;311
6;325
7;320
7;320
4;335
4;313
4;337
6;328
6;307
7;322
6;313
8;337
4;324
4;304
7;321
4;327
10;311
7;324
7;308
3;297
3;307
3;318
5;325
4;333
2;330
4;303
6;301
5;309
5;306
4;314
7;309
3;319
5;299
3;326
5;334
4;318
7;322
6;327
4;311
5;315
4;286
1;332
6;339
7;321
3;325
8;309
8;334
5;327
7;301
2;330
5;339
4;312
8;326
6;337
4;369
9;325
5;311
4;329
4;313
2;330
7;305
1;305
7;313
4;305
5;302
4;325
8;300
4;316
5;330
2;334
4;308
1;308
4;340
2;307
3;304
4;351
3;316
2;314
5;332
4;295
11;291
2;285
6;306
3;331
3;317
2;302
5;288
6;304
5;328
4;337
6;306
3;325
4;306
8;316
3;346
5;321
3;315
9;314
5;313
9;309
7;328
5;327
6;324
8;322
9;316
5;289
6;304
6;325
3;343
5;314
6;315
9;296
3;330
5;330
4;314
6;326
6;320
3;332
5;333
4;323
5;314
3;319
8;325
7;294
6;269
10;307
7;341
5;329
4;328
6;315
5;304
9;307
4;320
5;301
5;324
7;312
5;292
6;301
9;309
4;355
4;338
6;300
3;314
4;311
5;315
6;309
1;326
3;341
7;303
3;319
2;319
5;348
6;316
7;322
4;351
6;306
0;341
5;296
2;344
6;348
5;290
8;302
5;328
7;344
3;325
3;322
4;293
7;314
5;295
3;328
5;303
7;309
8;322
2;343
4;305
10;313
4;343
2;319
5;316
7;327
3;348
6;317
2;335
7;320
8;318
6;295
3;350
4;334
6;307
3;317
3;332
5;305
4;308
7;303
5;292
10;344
7;339
5;322
5;317
4;318
6;288
4;337
3;313
3;328
7;314
6;343
5;336
4;320
5;313
7;323
10;334
3;351
8;309
5;296
8;313
7;309
8;294
5;317
5;336
2;320
3;346
5;318
5;353
7;337
2;349
2;280
1;311
3;325
7;323
5;322
6;316
2;331
2;305
1;311
5;297
6;321
5;293
4;312
5;322
3;322
2;360
3;307
2;334
6;326
7;319
3;319
2;349
5;352
4;322
2;315
3;312
5;319
5;300
2;342
4;334
5;332
4;314
7;333
7;342
4;350
5;341
4;303
1;324
5;340
1;344
1;336
5;347
2;314
9;324
3;298
4;334
2;348
6;372
1;340
4;327
8;361
2;310
6;342
3;366
5;333
8;344
7;315
5;342
6;318
3;328
4;292
4;321
6;295
2;315
5;309
1;307
3;346
2;299
6;312
1;352
1;330
6;316
1;306
2;340
3;323
5;378
1;331
3;321
3;317
4;332
2;337
10;337
2;358
2;356
8;314
4;356
4;340
3;333
1;324
4;289
4;315
3;332
6;346
4;311
1;283
6;323
2;323
2;311
3;306
5;314
4;287
3;327
5;311
3;333
3;283
4;324
2;303
3;331
4;311
4;290
4;299
3;333
3;311
5;298
2;331
3;327
2;349
4;301
4;295
3;293
5;289
6;314
3;326
5;309
6;312
5;275
5;318
6;321
1;307
7;327
4;336
5;325
3;307
8;311
2;327
2;311
4;318
3;297
5;299
4;331
2;303
3;329
2;287
6;279
4;310
2;329
5;285
5;321
4;313
4;281
6;303
2;306
2;319
4;328
2;299
6;327
3;305
2;323
7;288
9;281
3;288
8;312
2;301
7;316
4;259
6;299
3;318
2;312
2;281
3;329
0;313
1;284
1;305
3;293
3;312
3;317
4;308
1;285
3;296
1;301
6;296
4;310
4;310
4;289
3;295
5;313
1;261
1;330
6;313
5;295
4;319
3;303
3;294
2;279
3;293
6;310
4;303
0;311
0;285
6;284
4;283
2;309
3;282
4;332
3;317
2;279
6;299
2;306
4;305
6;295
4;272
6;306
0;321
5;306
6;299
4;332
6;263
2;270
4;271
3;299
2;316
4;298
5;293
1;304
1;279
3;278
1;313
6;319
4;286
3;285
2;293
5;315
1;309
0;301
0;279
1;279
2;298
1;307
2;288
3;274
5;293
3;309
4;284
3;291
4;296
5;322
2;309
3;284
1;315
6;284
0;323
4;309
4;294
1;280
4;288
7;282
4;301
3;311
1;290
3;317
3;298
3;267
3;306
2;266
4;280
1;286
6;248
1;277
3;282
4;279
3;308
4;291
3;286
6;277
3;289
1;268
6;286
0;325
3;268
3;301
4;289
2;313
5;284
5;284
5;289
4;292
1;314
3;296
5;320
3;283
4;290
4;304
5;292
1;285
4;272
6;279
6;282
2;266
5;304
3;284
0;294
1;289
3;302
3;301
2;273
2;303
1;288
3;286
5;320
3;258
1;323
5;298
1;272
3;289
1;274
4;300
2;269
3;293
4;309
2;305
4;281
3;290
2;301
2;297
1;288
2;296
1;262
1;305
0;281
3;276
1;286
2;286
3;323
1;305
3;263
2;256
4;310
2;309
4;253
2;293
7;295
3;258
3;272
2;269
6;286
2;267
4;280
5;281
0;286
4;278
2;311
1;292
6;260
0;296
5;259
3;290
3;270
1;262
2;283
4;282
1;304
3;291
5;287
2;278
1;254
1;272
1;246
3;264
3;283
3;308
5;281
1;271
1;299
4;269
1;289
4;258
1;291
5;299
1;298
2;294
4;267
2;270
1;303
2;276
3;280
4;275
2;309
2;299
4;267
3;273
2;295
1;279
1;291
1;257
0;262
1;283
0;296
5;275
1;267
0;291
4;290
4;281
4;270
1;295
0;291
4;280
3;255
3;277
4;272
5;273
3;298
1;301
1;270
1;289
1;290
3;283
1;279
4;303
0;279
4;261
2;283
4;266
0;302
1;271
1;304
1;284
2;272
0;274
0;273
0;284
0;260
4;270
3;254
2;268
1;265
3;284
3;278
3;302
2;284
4;265
3;284
1;265
2;267
2;285
1;249
2;270
0;286
1;278
3;286
2;291
1;281
2;259
0;273
3;281
5;256
2;270
1;268
1;265
2;297
2;276
1;253
3;306
3;281
3;295
3;259
1;277
3;280
1;269
1;286
2;280
2;284
4;250
3;301
1;288
6;265
3;295
3;268
1;235
0;269
1;291
1;269
4;284
2;272
1;279
3;290
5;258
5;258
1;290
4;254
1;263
4;285
2;251
1;269
4;272
1;253
1;277
0;270
2;274
3;273
1;285
2;278
5;289
3;283
1;274
2;263
1;285
1;285
3;283
1;264
1;265
2;255
2;270
4;282
3;300
0;300
4;294
1;278
3;294
2;267
3;276
2;289
0;296
2;279
1;301
2;292
0;264
4;271
1;295
1;266
2;251
2;276
1;262
0;296
2;277
5;278
3;274
3;268
2;283
1;255
2;264
0;265
3;272
1;292
0;250
4;250
1;268
1;268
4;246
2;279
1;276
5;254
1;276
0;280
2;255
4;269
0;274
1;275
2;246
4;275
2;250
2;279
1;288
1;276
3;279
2;264
2;271
0;301
1;271
1;289
1;284
1;265
2;256
2;271
2;298
1;284
3;267
4;254
3;266
3;261
0;268
2;269
2;282
2;272
3;274
2;272
2;252
3;251
0;253
2;245
1;282
1;260
2;268
1;253
1;265
0;256
2;283
5;283
3;272
0;280
2;274
2;253
4;253
1;255
2;253
1;260
1;272
0;283
1;282
4;285
3;250
2;294
2;257
2;249
2;250
2;261
2;306
2;283
2;253
4;265
0;277
0;276
1;260
8;290
3;264
0;260
3;273
1;268
1;256
4;276
0;257
1;245
0;237
2;265
0;272
1;274
0;274
1;267
0;278
0;259
0;289
3;270
1;267
2;284
0;265
1;255
3;268
2;297
1;290
2;272
2;281
5;273
3;287
1;252
0;268
4;292
5;280
0;276
1;285
0;253
1;252
1;278
2;276
0;254
2;240
1;281
4;277
4;248
0;296
2;273
3;288
3;255
4;244
2;258
2;294
2;277
1;270
4;290
2;260
0;282
2;255
0;287
2;274
4;275
2;262
4;268
2;259
0;241
1;248
1;296
1;273
3;266
1;258
1;280
3;252
2;250
3;286
3;301
2;257
4;257
3;300
2;270
0;265
0;254
3;257
1;257
2;264
3;261
0;278
3;295
1;249
4;269
2;235
0;278
1;272
3;260
1;274
0;296
0;259
1;282
4;264
1;272
3;271
0;263
1;267
1;260
1;253
1;251
4;253
1;270
2;287
3;274
2;263
1;265
1;260
0;266
1;265
1;268
6;247
2;263
1;257
3;282
1;266
2;247
2;247
2;273
2;284
1;286
2;267
0;255
3;262
1;249
2;268
2;285
2;267
1;280
1;255
2;287
3;275
0;238
1;278
2;264
3;253
1;295
0;246
2;272
0;274
4;286
1;296
4;266
3;258
1;296
1;263
1;255
3;272
1;231
3;260
3;246
1;246
0;294
1;260
1;289
3;248
0;277
4;280
1;268
0;252
3;281
1;276
2;270
1;265
3;271
2;264
2;264
1;276
2;252
0;268
1;275
1;275
0;272
2;288
2;269
1;294
2;218
4;257
3;263
1;262
3;266
3;276
4;286
2;242
1;239
1;277
1;279
3;279
0;282
2;267
2;269
1;266
0;313
1;275
0;296
6;232
1;307
0;262
2;271
0;263
0;266
2;275
2;286
1;290
1;269
3;291
1;247
1;289
0;267
2;267
0;280
2;279
0;273
2;228
3;242
1;293
1;283
4;239
0;279
2;274
4;293
2;272
4;253
2;289
2;273
1;262
1;288
5;268
2;282
5;255
2;252
3;281
2;274
5;267
2;245
2;294
2;285
3;247
3;266
2;287
1;267
2;302
3;309
0;272
5;283
4;277
0;275
1;261
2;286
2;285
2;280
3;230
2;280
2;259
5;260
7;285
4;271
4;288
1;289
4;312
2;296
3;297
0;277
2;238
4;275
5;260
5;264
3;270
5;277
3;301
2;271
5;282
5;289
4;290
2;278
2;273
1;286
6;295
3;297
5;278
3;305
4;299
0;269
6;261
4;281
6;281
3;275
0;261
0;273
4;288
3;277
6;296
2;272
4;271
1;281
2;259
1;275
2;279
6;289
5;277
5;273
4;300
4;276
3;252
5;293
3;283
3;304
5;325
7;243
5;284
4;309
3;294
4;298
7;271
3;271
2;275
1;294
6;256
6;298
3;293
5;274
6;287
7;291
2;292
5;274
7;279
3;285
2;283
2;274
4;299
2;294
6;292
8;292
7;302
6;279
6;271
1;307
5;282
2;279
7;299
5;288
3;291
6;314
4;287
4;293
4;281
4;293
5;296
4;326
6;294
7;287
5;281
10;259
7;298
5;271
3;280
6;260
3;287
3;272
7;294
4;301
7;309
3;264
9;312
8;280
4;294
4;281
7;261
3;291
4;277
5;282
7;273
4;275
3;300
7;291
1;285
2;269
1;282
4;316
3;280
4;274
2;265
5;320
3;297
3;277
12;305
7;265
4;266
3;276
5;288
4;293
4;287
7;261
6;287
4;283
5;284
10;327
4;303
4;259
5;289
4;307
7;294
7;262
4;300
3;286
9;303
9;285
5;287
2;308
8;271
5;307
5;275
5;291
2;282
8;302
2;303
0;280
4;311
3;316
2;273
6;273
3;266
4;333
7;281
5;274
7;275
2;288
6;283
3;268
10;295
8;298
5;292
9;272
4;313
7;270
6;272
6;299
7;276
6;272
6;265
7;289
4;260
4;283
4;310
3;274
2;296
8;294
4;284
7;251
6;282
6;260
3;263
5;300
13;296
7;256
4;302
7;284
13;272
5;317
7;278
8;302
3;263
6;284
10;282
2;277
7;251
7;282
5;255
8;312
7;301
4;332
6;263
4;285
7;290
10;287
2;279
6;277
7;268
5;294
0;261
6;260
5;266
6;282
4;273
4;287
7;285
4;288
11;290
5;286
6;298
9;274
5;296
8;269
5;310
5;288
12;286
4;266
3;271
8;218
2;263
6;276
5;277
4;286
3;284
6;287
4;275
4;272
6;297
6;280
6;268
4;266
5;271
4;272
2;267
8;269
9;266
3;265
5;289
6;286
4;254
8;266
8;256
8;260
6;256
8;269
4;251
5;270
6;293
2;283
1;230
1;269
5;289
5;264
4;268
6;268
3;268
6;258
5;262
6;272
9;267
3;273
4;260
2;259
6;279
3;248
7;254
2;265
4;279
5;297
3;284
4;262
5;288
4;248
0;261
6;292
6;277
5;262
7;280
4;271
2;255
4;246
4;248
3;277
2;240
2;246
2;240
1;279
1;260
2;264
4;255
1;290
2;252
4;254
3;286
3;264
1;265
3;267
4;243
1;263
1;247
4;246
4;249
6;243
4;270
2;267
1;243
3;278
2;277
2;243
3;269
3;275
2;269
2;279
2;261
3;296
0;255
1;257
3;296
1;235
2;250
0;259
2;248
2;273
5;254
5;254
2;251
2;262
1;268
4;279
3;272
2;251
2;257
3;247
4;243
1;244
1;230
4;270
4;248
7;300
1;268
5;235
4;263
1;265
1;281
1;265
2;293
6;261
2;267
2;267
2;263
1;285
2;251
3;253
6;262
3;264
4;287
4;263
4;280
3;258
4;252
1;286
3;264
3;272
1;279
1;275
2;226
2;279
3;227
4;243
1;279
1;281
2;250
3;249
4;294
1;255
1;241
2;251
3;270
5;251
1;268
1;265
1;260
1;271
3;283
3;283
3;256
0;274
2;232
1;261
4;266
0;255
3;281
2;234
4;267
1;277
3;246
3;257
2;273
2;250
2;290
4;244
1;256
0;287
3;266
3;264
3;243
3;265
1;236
4;237
0;261
0;274
1;217
1;244
2;262
1;241
3;245
1;238
5;244
1;250
1;259
2;255
3;252
1;236
3;271
2;253
1;250
3;254
2;276
1;257
3;269
2;241
1;270
1;289
1;263
4;266
1;249
2;255
3;253
4;262
1;237
3;264
3;245
2;259
2;286
1;271
0;257
1;261
2;280
4;245
3;252
0;286
4;291
0;279
2;303
1;283
2;225
3;280
1;279
0;283
1;236
2;263
1;257
2;264
2;282
0;277
4;248
3;262
2;272
3;279
0;268
2;247
2;275
2;244
2;238
1;288
2;282
3;260
2;257
4;273
2;281
2;232
4;287
3;212
4;252
1;248
1;257
1;244
3;249
3;270
4;270
1;300
3;263
3;286
3;274
4;245
1;260
7;283
5;273
4;256
8;271
3;284
2;275
1;254
5;266
4;283
4;275
2;258
2;226
2;251
3;258
3;277
2;275
2;271
3;269
4;268
6;295
4;273
5;235
6;283
2;268
1;272
1;277
3;293
3;264
3;256
1;273
5;241
4;281
5;288
2;264
1;275
5;267
1;288
4;257
4;285
3;258
2;284
0;258
1;282
1;260
3;249
2;287
5;265
4;254
2;249
1;263
2;296
4;286
2;247
3;226
2;265
2;273
3;267
4;280
6;260
5;300
4;266
2;281
2;271
2;241
2;273
4;269
1;276
5;273
3;273
3;270
5;290
2;281
4;258
2;267
2;275
4;287
7;272
2;277
4;259
3;303
2;248
3;266
2;267
0;259
1;265
2;256
2;269
2;274
5;277
2;277
1;253
4;238
1;268
6;242
4;275
0;272
4;285
4;253
4;271
2;283
5;229
2;269
8;267
6;273
5;278
3;270
2;253
5;263
5;269
2;262
4;257
3;259
4;261
4;282
2;248
3;264
10;253
4;281
3;255
1;283
5;275
1;244
5;247
4;288
2;268
4;272
2;255
3;250
3;276
1;299
5;302
3;257
5;285
1;283
4;290
5;249
4;275
1;261
4;270
3;274
3;274
2;262
4;266
3;273
2;279
1;295
3;285
3;274
2;256
3;259
4;284
4;265
2;267
2;260
10;270
0;297
3;242
6;271
2;270
6;272
5;281
3;231
3;249
6;270
2;275
2;265
1;270
3;247
4;270
1;263
2;256
2;267
2;265
2;262
2;273
0;264
2;280
4;297
3;247
0;261
3;263
2;258
1;284
1;280
0;275
1;308
3;272
2;265
5;268
3;277
3;258
2;262
4;269
5;255
2;250
2;288
1;295
2;275
0;283
5;262
4;280
1;273
3;257
0;273
5;255
3;292
2;283
3;264
2;284
3;253
1;283
3;285
2;279
3;265
1;286
1;260
1;266
0;250
4;242
2;265
1;261
0;245
2;278
1;288
2;264
7;257
4;271
4;297
1;268
2;246
1;271
2;290
2;245
1;275
4;278
1;292
1;272
2;245
1;282
2;259
4;267
0;271
1;282
2;274
1;267
3;261
3;278
2;272
3;255
1;254
0;280
0;274
2;258
2;278
3;294
2;263
1;267
2;266
3;261
2;248
1;257
1;277
0;280
5;296
1;252
3;254
1;250
2;277
3;269
1;261
3;284
2;272
5;285
1;286
0;263
2;270
2;258
0;263
3;260
3;274
2;268
0;255
1;280
1;269
1;245
0;294
1;279
2;274
2;262
0;258
3;282
0;271
1;233
2;249
1;265
3;283
0;258
1;272
2;240
0;267
2;279
2;265
1;268
0;300
1;264
1;241
0;269
1;260
0;257
1;284
0;224
1;268
0;244
2;260
2;247
0;258
3;269
1;255
2;284
1;279
1;228
2;282
2;253
0;265
2;254
2;254
2;256
0;276
1;256
0;282
1;281
0;236
1;255
1;268
0;244
1;228
2;256
2;294
1;236
0;238
1;243
0;278
2;251
2;257
4;267
2;267
0;254
2;276
1;250
4;246
1;278
0;252
2;273
2;237
1;260
1;242
1;265
5;240
1;269
0;243
0;230
1;257
2;256
0;260
0;281
1;251
0;270
2;227
0;275
0;240
1;247
1;262
0;228
1;242
1;249
3;243
2;252
1;262
1;254
1;221
0;241
1;269
0;241
0;224
1;231
0;251
1;255
1;252
0;253
0;276
1;237
0;266
0;269
0;244
2;263
0;233
1;210
0;249
0;220
1;255
0;247
1;243
1;245
0;227
1;226
1;238
0;218
0;233
0;243
1;242
2;233
0;234
0;249
0;217
0;241
1;259
0;216
0;241
0;241
0;271
0;237
0;247
0;228
0;245
0;200
1;244
0;268
0;254
1;231
1;236
1;228
2;185
0;232
1;248
0;248
0;229
0;232
2;247
3;274
3;223
1;225
0;240
0;238
1;263
0;249
1;238
0;251
1;243
0;231
0;238
2;232
0;277
0;208
2;225
0;223
0;216
0;218
1;216
0;237
0;242
0;259
0;227
0;241
1;246
2;199
0;231
0;238
0;242
1;224
0;239
1;242
1;243
1;226
1;222
1;225
0;223
1;238
0;240
1;230
0;228
0;240
1;212
0;216
2;221
0;224
1;220
2;215
0;221
2;240
1;228
2;214
1;223
0;224
0;218
0;232
1;222
1;232
1;199
0;259
0;223
3;200
0;232
0;233
2;219
1;213
1;204
1;203
0;227
0;262
0;232
0;226
0;228
0;233
1;204
0;188
1;218
2;226
1;221
0;214
2;221
0;229
0;223
2;224
1;207
3;221
0;220
0;205
0;207
0;237
0;199
1;200
1;202
0;206
2;196
0;195
0;212
1;203
2;207
0;193
2;179
1;217
0;218
0;223
1;192
0;210
0;209
2;207
2;241
2;227
0;200
1;197
1;225
2;202
0;205
0;225
0;207
0;211
0;196
0;239
0;211
1;200
0;201
3;230
0;205
0;216
1;217
0;236
1;215
1;194
0;215
2;221
0;183
1;217
2;197
1;192
0;200
2;195
1;199
2;197
1;208
0;222
0;200
2;187
0;209
1;194
2;198
1;217
3;231
2;208
0;197
0;179
1;213
0;189
0;205
0;208
0;193
3;188
1;188
2;200
0;182
2;182
0;221
2;230
1;226
0;191
0;179
1;216
0;208
0;188
1;174
0;185
3;180
0;200
0;186
0;199
1;184
0;194
1;213
0;189
0;209
0;192
2;193
1;185
3;188
0;192
1;170
0;163
0;184
0;195
2;205
2;178
1;193
1;187
1;168
2;214
2;169
1;189
4;191
0;181
0;188
0;181
1;199
0;183
2;176
0;203
0;208
0;193
0;192
0;203
2;185
0;218
3;172
0;184
0;196
1;213
1;201
1;189
0;195
0;174
0;203
0;180
0;182
0;195
2;194
1;208
0;200
0;174
1;199
0;179
0;185
2;208
0;215
0;195
0;162
0;197
1;202
0;197
0;198
2;173
0;197
1;188
0;183
0;204
0;211
2;197
0;187
0;203
0;200
1;205
2;194
0;184
0;196
0;197
0;189
2;188
0;176
0;189
0;190
0;193
0;196
0;156
0;180
2;205
0;206
1;184
0;192
2;193
0;176
0;183
2;190
3;201
2;174
2;186
1;204
1;187
1;190
0;157
1;153
0;192
0;182
0;171
1;190
0;176
0;198
1;194
0;171
0;181
0;187
0;201
2;187
0;183
0;166
0;177
1;171
0;196
0;191
1;180
0;210
1;189
1;169
1;161
1;180
0;191
1;184
0;187
0;186
0;162
0;203
0;188
0;166
1;171
0;187
0;172
0;187
0;190
1;179
0;177
1;170
0;168
1;178
0;152
1;169
0;161
2;173
0;164
0;194
0;186
0;185
1;166
0;205
1;180
0;177
1;174
0;175
1;184
0;196
0;179
0;180
0;186
1;163
2;174
0;183
0;179
0;168
2;175
1;148
2;172
0;178
0;169
1;176
0;186
0;182
0;185
0;180
1;165
0;171
0;171
1;174
1;148
0;170
1;154
0;183
1;155
1;176
0;173
1;180
1;156
1;178
1;183
0;183
0;185
0;165
0;134
2;155
0;167
4;140
1;169
0;154
0;181
0;187
0;154
0;171
2;177
0;178
1;161
1;155
1;146
3;163
0;150
0;156
0;159
1;146
1;178
1;155
0;169
1;144
1;161
0;151
0;145
1;168
0;165
1;158
1;152
0;154
1;167
0;177
0;172
1;164
0;162
1;172
0;160
0;153
0;178
0;155
1;164
1;139
2;171
0;177
2;145
0;184
1;170
0;171
1;135
0;174
1;166
0;174
0;144
1;160
0;153
0;160
1;155
3;163
0;147
0;159
0;163
0;159
1;150
2;159
0;136
2;188
1;153
1;142
1;175
0;151
0;151
0;164
0;156
0;159
1;161
1;156
0;162
0;162
0;158
1;146
0;161
0;164
0;161
2;151
0;143
0;157
0;133
1;175
0;137
3;125
1;139
0;153
0;165
1;134
2;138
1;153
2;166
1;151
0;130
1;143
0;147
1;140
0;149
0;157
0;163
1;149
0;171
0;151
0;154
0;157
0;147
0;125
1;138
0;144
0;139
0;149
1;158
0;154
1;129
1;158
3;159
1;134
0;123
1;146
0;159
1;147
0;147
1;146
1;141
0;127
1;137
0;139
2;156
0;142
0;145
0;161
1;130
1;126
1;131
0;131
0;152
0;158
3;131
0;131
1;148
0;142
0;138
1;137
1;137
1;162
2;131
0;140
0;137
0;147
1;136
1;139
1;117
0;144
1;150
0;149
0;154
0;139
0;129
0;150
1;125
1;153
0;142
0;159
0;153
0;133
0;141
0;148
0;126
0;135
0;131
1;124
0;125
0;137
0;164
0;152
0;149
0;133
1;137
0;138
0;164
0;134
2;150
0;141
1;138
0;144
1;142
1;140
0;155
0;140
1;149
0;147
1;131
1;141
0;161
0;142
1;150
0;150
0;148
0;150
1;130
0;135
0;145
1;149
0;154
1;155
0;145
1;165
0;126
1;132
2;129
0;121
0;133
0;137
0;162
0;147
0;139
3;153
0;146
1;155
0;152
0;130
1;139
0;152
2;139
1;164
1;142
0;138
1;131
1;124
0;144
0;156
0;150
0;158
1;148
0;157
2;145
0;137
0;139
0;145
1;158
0;132
2;128
3;150
0;139
0;135
2;158
0;143
0;143
0;124
0;141
0;140
0;150
0;143
0;167
1;146
0;163
0;147
1;140
1;139
0;141
2;126
1;164
0;157
0;138
0;137
1;144
2;155
0;130
0;128
0;147
3;150
0;152
0;137
0;162
1;145
1;128
0;164
0;160
0;144
0;150
0;163
0;161
1;149
0;166
0;170
0;164
1;146
0;152
0;158
2;181
2;133
0;148
1;160
0;159
0;135
1;157
0;160
0;146
2;168
2;142
0;131
0;165
0;136
1;152
0;169
0;132
0;155
0;150
0;150
0;185
0;171
0;163
0;160
2;147
1;154
0;161
0;142
0;146
1;151
1;170
1;149
1;172
0;183
0;180
0;133
1;185
3;173
0;162
1;170
0;186
1;157
1;150
0;171
1;162
1;153
3;183
3;167
0;163
0;160
0;171
0;174
1;179
0;162
1;157
0;172
0;170
0;182
0;193
0;155
1;165
1;164
0;172
1;179
0;170
0;177
0;200
1;166
1;145
1;180
0;158
0;168
0;206
0;193
3;187
1;171
0;178
0;175
0;166
0;182
1;169
0;220
0;209
1;204
0;169
0;192
0;207
0;173
1;182
2;183
1;189
1;188
2;205
1;197
1;197
1;221
1;196
1;212
1;196
1;224
2;208
1;186
0;196
0;214
0;204
0;196
1;193
1;220
0;208
0;202
0;220
0;243
1;213
2;210
0;214
1;230
0;219
0;224
0;201
0;229
0;253
1;242
0;217
1;235
0;207
0;238
2;230
1;233
1;236
1;248
1;267
0;246
1;230
1;246
1;266
0;242
1;243
0;241
0;251
1;238
1;246
0;242
0;254
0;235
0;256
0;256
0;259
3;277
1;263
0;274
1;253
1;300
0;288
0;279
0;256
0;275
0;279
1;253
1;312
0;298
0;304
1;294
0;255
1;282
0;302
0;314
2;286
1;296
0;311
1;287
0;283
0;286
1;290
0;315
0;307
1;297
0;315
0;334
0;325
1;371
0;308
0;346
0;326
0;343
0;320
1;323
0;340
0;316
1;323
0;341
1;330
1;348
1;375
1;357
1;369
0;321
2;367
0;325
2;337
0;375
0;354
1;340
0;352
1;354
0;398
0;332
1;339
0;386
0;364
3;371
0;371
1;357
1;377
0;372
0;410
1;381
0;387
0;385
2;397
1;363
1;406
0;406
0;388
0;386
0;397
1;380
0;395
1;396
1;379
1;409
3;406
0;389
0;433
2;421
1;443
2;395
0;428
0;410
0;406
2;390
1;416
3;433
2;414
1;424
0;438
1;442
0;450
3;433
0;458
1;447
0;439
0;464
1;420
1;493
0;444
0;424
0;457
0;481
0;454
0;489
0;459
1;445
0;453
1;493
1;444
0;436
0;467
0;507
3;473
0;483
0;441
1;473
0;474
1;500
1;450
0;472
0;481
0;531
0;474
0;471
0;525
0;496
0;509
0;471
0;481
1;524
2;472
2;493
1;484
0;497
0;501
1;441
0;470
1;498
0;466
0;467
0;501
0;474
2;487
0;495
1;501
0;492
0;488
1;457
1;475
0;525
0;526
1;500
0;494
1;511
0;552
1;473
1;486
1;506
0;495
0;477
1;452
0;467
0;495
1;501
0;535
0;467
1;482
2;519
0;486
0;494
0;491
0;503
1;479
1;561
1;465
2;499
3;505
1;507
0;465
0;466
0;501
0;467
1;487
0;502
1;495
0;506
0;511
0;461
0;475
0;492
0;479
0;512
0;489
1;510
0;452
0;489
0;464
0;526
1;491
0;517
0;524
1;499
1;464
0;510
0;486
1;510
1;473
0;474
1;452
0;463
0;495
0;469
0;430
1;447
1;465
0;495
0;502
1;442
0;477
0;532
0;454
1;447
1;461
0;458
0;444
0;461
1;461
0;467
0;474
0;437
0;490
0;423
0;414
0;433
0;464
0;437
1;410
0;451
0;466
0;460
0;494
0;465
2;468
0;440
0;419
1;456
0;440
1;454
0;447
0;461
1;424
1;403
1;412
1;431
1;416
1;424
0;421
0;399
0;415
0;402
0;395
1;434
1;402
0;430
0;400
2;391
0;385
0;385
0;386
0;405
1;369
0;414
0;407
0;390
2;425
1;388
0;404
0;386
0;361
0;403
0;367
2;352
1;366
0;380
1;374
1;380
0;356
1;378
0;336
0;377
1;394
1;384
0;361
0;369
0;393
0;362
0;367
1;315
0;355
0;314
1;329
0;391
0;330
1;330
0;336
0;360
0;328
0;299
1;306
0;329
1;304
0;287
0;320
1;310
1;309
0;292
0;279
0;337
0;319
0;286
2;300
0;260
1;282
1;303
0;274
2;286
0;299
0;303
0;299
1;287
0;271
1;291
1;309
1;277
0;302
0;262
2;262
0;254
0;252
1;259
0;258
0;249
0;278
0;228
1;258
0;230
1;250
0;243
0;270
0;282
0;263
0;251
0;261
0;245
0;238
1;235
1;227
0;234
0;234
0;235
0;219
0;232
0;227
0;216
0;229
0;203
0;222
0;203
0;216
0;213
0;212
0;235
0;211
0;210
0;207
1;223
0;225
0;204
0;216
0;205
0;187
1;222
1;175
0;209
0;187
0;208
0;201
0;203
0;217
1;162
0;204
0;175
1;178
0;184
1;171
0;181
0;180
0;172
0;189
0;178
0;175
0;177
1;157
1;173
0;189
0;165
1;147
0;147
1;173
1;187
0;168
1;176
0;162
0;155
0;163
0;141
0;155
1;176
0;155
0;156
0;146
0;125
1;174
0;145
0;169
1;132
0;135
1;134
0;158
1;140
0;146
1;137
1;145
1;126
0;130
0;137
0;134
0;132
0;124
1;141
2;113
0;134
1;123
0;150
1;133
0;131
0;129
0;135
0;134
0;112
0;108
0;115
0;116
0;139
0;132
1;120
0;119
1;132
0;122
2;134
1;110
0;108
0;108
1;126
0;129
0;123
0;127
1;106
0;119
0;115
0;104
0;112
0;110
1;110
0;119
0;115
1;104
0;99
1;108
0;109
1;99
0;95
0;111
0;98
0;99
0;110
0;106
1;105
0;117
1;100
0;100
0;88
0;83
0;85
0;105
1;111
0;117
3;68
1;59
0;105
0;99
0;92
0;117
1;77
0;89
1;87
0;94
0;88
1;110
0;99
0;91
0;91
0;89
0;89
0;95
0;81
0;87
0;82
0;107
1;87
0;91
0;82
1;100
1;93
1;86
0;77
1;87
0;92
0;82
0;68
1;74
0;91
1;70
0;84
1;80
0;83
0;85
0;76
0;85
0;75
1;82
0;77
1;77
0;79
0;101
0;84
0;63
0;84
0;69
0;63
0;82
1;91
0;86
0;72
0;73
0;68
1;62
1;69
0;70
0;59
0;81
1;86
0;72
0;75
0;87
2;78
0;78
0;82
1;63
0;79
0;71
0;70
0;79
0;82
0;52
0;76
1;67
0;69
1;61
0;78
2;83
0;65
0;63
1;69
0;71
0;65
0;82
0;80
0;60
0;60
0;60
0;67
0;90
0;73
0;84
0;56
0;67
2;67
2;63
0;74
0;74
0;70
0;60
0;62
0;65
0;64
0;60
0;61
0;55
0;68
0;77
0;52
0;68
0;65
0;57
1;70
0;64
0;54
1;53
1;59
0;66
0;58
2;61
1;67
0;70
0;76
1;70
0;84
0;50
0;67
1;74
0;67
0;57
0;55
0;60
0;51
0;51
0;82
0;60
0;57
1;61
0;57
0;53
0;60
0;50
1;58
0;45
0;66
0;68
0;55
0;73
0;74
1;60
0;63
0;70
0;54
0;71
1;63
0;68
0;55
0;58
0;68
0;54
2;59
0;62
0;56
0;68
0;72
1;62
0;47
0;63
0;61
0;61
0;58
0;61
0;65
1;51
0;64
0;55
1;73
0;53
0;59
0;45
0;52
1;55
0;53
0;58
1;54
0;62
0;50
0;50
0;51
0;52
0;68
0;43
0;64
0;60
0;44
1;57
0;65
0;53
0;60
0;50
0;62
0;50
0;62
0;62
0;58
1;52
0;51
0;75
0;77
0;66
0;48
0;62
0;64
1;58
0;62
0;64
0;70
1;63
0;52
0;59
0;56
0;46
0;58
0;53
0;65
0;49
1;57
0;66
0;51
0;55
0;59
1;49
1;45
0;58
1;58
0;49
0;50
0;46
0;63
0;40
0;69
0;60
0;45
0;71
0;61
0;57
0;61
0;57
0;50
1;62
0;63
1;69
0;49
0;62
0;60
1;55
0;60
1;62
0;62
0;74
0;52
0;57
2;59
0;47
1;45
0;46
0;48
0;40
0;55
0;64
0;56
0;49
0;49
0;63
2;60
0;57
0;59
0;54
0;60
1;68
1;57
2;64
1;50
0;61
0;55
0;63
0;57
0;55
0;47
0;47
0;64
1;56
1;51
0;54
0;55
0;61
2;53
0;57
0;58
0;53
1;53
2;60
0;45
0;61
2;47
0;64
1;59
0;54
0;53
0;55
1;61
0;65
0;48
1;46
0;63
0;43
0;62
1;44
0;58
1;60
0;68
0;53
1;53
1;51
0;54
0;56
0;56
1;56
0;64
0;68
0;69
0;54
2;52
0;56
0;51
0;61
1;58
0;57
0;46
0;64
0;53
0;59
0;51
1;42
0;47
0;53
1;61
1;71
0;63
0;64
1;68
0;40
1;42
0;47
0;49
0;40
0;55
0;68
0;68
0;54
1;58
0;79
0;57
0;52
3;51
0;58
0;55
0;60
1;64
0;63
0;64
1;55
1;50
0;83
0;57
0;52
0;66
1;80
0;57
0;61
0;77
1;67
0;58
0;57
0;55
0;57
0;68
1;66
0;61
0;58
1;71
0;83
0;78
0;62
0;69
0;72
0;66
1;68
0;57
0;71
0;67
0;68
1;72
0;74
0;56
0;71
0;72
0;58
1;69
0;67
0;76
0;72
0;76
0;81
0;82
0;86
0;88
1;74
1;83
1;89
0;87
0;82
0;69
0;82
0;83
0;91
0;86
1;82
0;83
0;93
1;103
3;90
0;80
0;86
0;106
0;82
2;88
0;87
1;75
2;76
0;104
0;111
0;90
0;93
1;83
0;103
1;96
1;102
0;90
1;101
0;87
0;115
0;80
0;85
0;88
0;105
1;110
1;94
0;85
1;114
0;114
0;126
0;102
0;109
1;106
0;126
0;96
1;117
0;115
1;114
0;101
1;125
1;135
2;108
1;114
0;140
0;121
1;142
0;133
0;129
0;136
0;117
1;138
1;133
0;126
0;127
0;133
0;129
0;155
0;117
0;117
0;146
0;124
1;137
0;119
2;140
1;106
1;148
0;145
1;147
1;141
0;141
1;155
1;155
0;127
1;139
1;164
0;161
0;159
0;153
0;158
0;150
1;175
1;159
1;170
1;151
1;168
1;156
0;168
0;172
1;130
0;164
0;133
1;172
0;136
0;181
1;180
0;161
0;174
1;161
1;169
2;193
0;166
0;173
1;192
2;175
0;219
1;178
0;177
0;206
0;178
1;184
0;181
1;210
0;204
0;219
1;194
0;213
0;188
1;207
0;178
1;216
0;192
0;208
1;208
1;211
0;218
1;229
0;199
0;213
0;224
0;229
0;233
0;234
0;213
2;195
0;233
0;218
0;228
3;236
0;216
0;221
1;209
1;221
0;228
0;209
0;212
1;220
0;206
0;259
1;262
0;239
0;193
0;233
0;244
1;220
1;251
2;205
0;242
0;226
1;229
1;223
0;261
0;229
0;233
2;215
1;234
0;231
0;226
3;245
0;221
1;265
1;232
0;232
1;245
1;265
0;257
0;229
3;243
1;238
0;242
2;266
0;219
0;214
0;279
2;273
2;235
1;232
1;249
0;260
1;234
2;241
1;253
1;261
0;236
2;242
2;265
1;234
1;268
1;245
1;211
0;260
0;254
1;245
0;210
1;240
0;261
1;256
2;248
0;262
0;243
1;251
0;241
1;238
1;250
0;263
0;249
0;272
1;229
0;237
1;234
0;219
1;247
1;215
0;234
0;260
0;258
1;221
0;258
0;232
0;258
0;266
0;225
0;238
1;215
1;267
1;209
1;233
1;256
2;249
0;235
0;232
2;225
0;252
0;249
1;215
1;223
0;201
0;238
0;207
0;238
0;210
0;237
0;230
0;211
0;227
0;229
1;225
2;231
0;196
0;205
3;221
0;218
0;212
0;247
1;209
2;235
0;199
0;205
0;201
1;207
0;229
0;230
0;188
0;215
0;179
2;184
0;198
1;199
0;206
0;217
1;204
0;187
1;181
1;169
1;177
2;197
1;191
1;202
0;168
1;188
1;193
0;173
0;191
0;206
0;161
1;170
1;189
0;163
0;169
0;185
0;174
0;152
2;170
0;175
0;139
0;180
0;181
1;156
1;150
0;172
0;175
0;147
1;148
0;176
0;160
0;143
0;153
1;167
1;153
0;172
1;154
2;157
0;135
1;140
0;153
0;135
1;132
1;135
0;150
0;129
0;142
0;135
0;134
2;139
0;137
0;162
0;126
0;135
1;161
0;151
3;148
0;133
0;129
0;128
2;121
0;135
0;128
0;120
1;116
1;123
0;125
0;119
0;93
0;115
0;122
0;109
0;119
0;100
1;115
0;77
1;115
1;129
2;108
1;109
0;97
0;0
0;0
0;0
0;0
0;0
0;0
0;0
0;0
0;0
0;0
0;0
0;0
0;0
0;0
0;0
0;0
0;0
0;0
0;0
0;0
0;0
0;0
0;0
0;0
0;0
0;0
0;0
0;0
0;0
0;0
0;0
0;0
0;0
0;0
0;0
0;0
0;0
0;0
0;0
0;0
0;0
0;0
0;0
0;0
0;0
0;0
0;0
0;0
0;0
0;0
0;0
0;0
0;0
0;0
0;0
0;0
0;0
0;0
0;0
0;0
0;0
0;0
0;0
0;0
0;0
0;0
0;0
0;0
0;0
0;0
0;0
0;0
0;0
0;0
0;0
0;0
0;0
0;0
0;0
0;0
0;0
0;0
0;0
0;0
0;0
0;0
0;0
0;0
0;0
0;0
0;0
0;0
0;0
0;0
0;0
0;0
0;0
0;0
0;0
0;0
0;0
0;0
0;0
0;0
0;0
0;0
0;0
0;0
0;0
0;0
0;0
0;0
0;0
0;0
0;0
0;0
0;0
0;0
0;0
0;0
0;0
0;0
0;0
0;0
0;0
0;0
0;0
0;0
